{"metrics": {"Pearson": 87.941802577963, "MSE": 10.474798387096774}, "predictions": [0, 0, 0, 0, 0, 0, 0, 0, 0, 0, 0, 0, 0, 0, 0, 0, 0, 0, 0, 0, 0, 0, 0, 0, 0, 0, 0, 0, 0, 0, 0, 0, 0, 0, 0, 0, 0, 0, 0, 0, 0, 0, 0, 0, 0, 0, 0, 0, 0, 0, 0, 0, 0, 0, 0, 0, 0, 0, 0, 0, 0, 0, 0, 0, 0, 0, 0, 0, 0, 0, 0, 0, 0, 0, 0, 0, 0, 0, 0, 0, 0, 0, 0, 0, 0, 0, 0, 0, 0, 0, 0, 0, 0, 0, 0, 0, 0, 0, 0, 0, 0, 0, 0, 0, 0, 0, 0, 0, 0, 0, 0, 0, 0, 0, 0, 0, 0, 0, 0, 0, 0, 0, 0, 0], "uids": ["1", "2", "3", "4", "5", "6", "7", "8", "9", "10", "11", "12", "13", "14", "15", "16", "17", "18", "19", "20", "21", "22", "23", "24", "25", "26", "27", "28", "29", "30", "31", "32", "33", "34", "35", "36", "37", "38", "39", "40", "41", "42", "43", "44", "45", "46", "47", "48", "49", "50", "51", "52", "53", "54", "55", "56", "57", "58", "59", "60", "61", "62", "63", "64", "65", "66", "67", "68", "69", "70", "71", "72", "73", "74", "75", "76", "77", "78", "79", "80", "81", "82", "83", "84", "85", "86", "87", "88", "89", "90", "91", "92", "93", "94", "95", "96", "97", "98", "99", "100", "101", "102", "103", "104", "105", "106", "107", "108", "109", "110", "111", "112", "113", "114", "115", "116", "117", "118", "119", "120", "121", "122", "123", "124"], "scores": [3.91796875, 4.8984375, 2.810546875, 2.26953125, 2.693359375, 2.388671875, 2.515625, 3.294921875, 3.30859375, 4.94140625, 4.421875, 2.169921875, 4.81640625, 2.548828125, 4.82421875, 4.1171875, 3.69140625, 3.85546875, 3.60546875, 2.923828125, 3.189453125, 1.0546875, 3.009765625, 4.0625, 2.822265625, 3.94921875, 4.0703125, 2.705078125, 2.779296875, 3.2734375, 3.91015625, 4.02734375, 2.22265625, 2.01171875, 4.234375, 2.45703125, 3.50390625, 2.73828125, 4.23828125, 3.30859375, 2.662109375, 1.7314453125, 2.939453125, 4.00390625, 4.125, 4.02734375, 3.478515625, 3.40234375, 1.716796875, 3.86328125, 3.361328125, 3.84765625, 2.486328125, 4.03515625, 1.9931640625, 1.9716796875, 2.03125, 2.58984375, 3.146484375, 4.8046875, 1.71875, 2.60546875, 3.712890625, 2.642578125, 3.013671875, 4.98046875, 2.951171875, 2.37109375, 2.88671875, 4.0859375, 2.1171875, 2.28515625, 3.837890625, 3.984375, 2.953125, 2.630859375, 4.0234375, 2.68359375, 3.935546875, 3.888671875, 3.017578125, 3.974609375, 3.62890625, 3.921875, 2.515625, 4.8515625, 2.6796875, 3.955078125, 2.41015625, 2.853515625, 2.626953125, 2.9765625, 2.908203125, 4.9140625, 3.939453125, 4.859375, 2.560546875, 3.8828125, 3.25390625, 2.75, 2.9296875, 2.5234375, 4.01171875, 3.962890625, 2.138671875, 3.896484375, 4.078125, 3.666015625, 2.384765625, 4.00390625, 3.892578125, 4.96484375, 3.2890625, 2.49609375, 1.9794921875, 4.35546875, 2.876953125, 3.96484375, 2.54296875, 3.162109375, 3.998046875, 2.392578125, 3.072265625, 3.939453125]}