{"metrics": {"F1MAC": 65.6571292484605, "ACC": 86.20689655172413}, "predictions": [1, 0, 1, 1, 1, 1, 0, 1, 1, 1, 1, 0, 0, 1, 1, 1, 1, 1, 1, 0, 1, 1, 1, 0, 1, 0, 1, 1, 1, 1, 1, 2, 1, 0, 1, 1, 1, 1, 1, 1, 1, 2, 2, 1, 1, 1, 1, 1, 1, 1, 1, 1, 1, 1, 1, 1, 1, 1, 1, 1, 0, 0, 1, 1, 0, 0, 0, 1, 1, 1, 1, 2, 0, 1, 1, 1, 1, 1, 0, 1, 1, 1, 1, 1, 1, 1, 1, 1, 1, 0, 1, 1, 1, 1, 0, 1, 1, 1, 0, 1, 1, 1, 1, 1, 1, 1, 1, 1, 1, 1, 1, 1, 1, 1, 1, 1, 1, 0, 1, 1, 0, 1, 1, 1, 1, 2, 1, 2, 1, 1, 1, 0, 1, 1, 2, 1, 1, 1, 1, 0, 1, 0, 1, 0, 0, 1, 1, 1, 1, 0, 1, 1, 1, 1, 1, 1, 1, 1, 1, 1, 0, 1, 1, 1, 1, 0, 0, 0, 1, 1, 1, 1, 1, 1], "uids": ["1", "2", "3", "4", "5", "6", "7", "8", "9", "10", "11", "12", "13", "14", "15", "16", "17", "18", "19", "20", "21", "22", "23", "24", "25", "26", "27", "28", "29", "30", "31", "32", "33", "34", "35", "36", "37", "38", "39", "40", "41", "42", "43", "44", "45", "46", "47", "48", "49", "50", "51", "52", "53", "54", "55", "56", "57", "58", "59", "60", "61", "62", "63", "64", "65", "66", "67", "68", "69", "70", "71", "72", "73", "74", "75", "76", "77", "78", "79", "80", "81", "82", "83", "84", "85", "86", "87", "88", "89", "90", "91", "92", "93", "94", "95", "96", "97", "98", "99", "100", "101", "102", "103", "104", "105", "106", "107", "108", "109", "110", "111", "112", "113", "114", "115", "116", "117", "118", "119", "120", "121", "122", "123", "124", "125", "126", "127", "128", "129", "130", "131", "132", "133", "134", "135", "136", "137", "138", "139", "140", "141", "142", "143", "144", "145", "146", "147", "148", "149", "150", "151", "152", "153", "154", "155", "156", "157", "158", "159", "160", "161", "162", "163", "164", "165", "166", "167", "168", "169", "170", "171", "172", "173", "174"], "scores": [0.0035614902153611183, 0.994276225566864, 0.0021622637286782265, 0.8985414505004883, 0.07403189688920975, 0.027426647022366524, 0.0173781830817461, 0.9775024056434631, 0.0051194531843066216, 0.17654109001159668, 0.8103606700897217, 0.013098260387778282, 0.006847758311778307, 0.9908179044723511, 0.002334387507289648, 0.003243542741984129, 0.9945119619369507, 0.002244543517008424, 0.918296754360199, 0.013227345421910286, 0.06847589462995529, 0.1964416205883026, 0.787636935710907, 0.015921493992209435, 0.0029183682054281235, 0.9953116774559021, 0.0017700798343867064, 0.0028225178830325603, 0.9951204657554626, 0.0020569476764649153, 0.0029035548213869333, 0.9951066970825195, 0.0019897446036338806, 0.7970887422561646, 0.17595422267913818, 0.026957115158438683, 0.9173479080200195, 0.009983951225876808, 0.0726681649684906, 0.07534266263246536, 0.9011529088020325, 0.02350446954369545, 0.0037030396051704884, 0.9941891431808472, 0.002107868902385235, 0.07251553237438202, 0.9163155555725098, 0.011168912053108215, 0.004765155725181103, 0.9934403300285339, 0.0017945740837603807, 0.0039839777164161205, 0.9940744042396545, 0.0019416357390582561, 0.0024805215653032064, 0.9958394765853882, 0.0016800446901470423, 0.8517679572105408, 0.11259148269891739, 0.035640619695186615, 0.0028671526815742254, 0.9951851963996887, 0.0019476056331768632, 0.020238695666193962, 0.9761077761650085, 0.0036534881219267845, 0.002870679832994938, 0.9954368472099304, 0.0016925368690863252, 0.9499791860580444, 0.02439384162425995, 0.0256270170211792, 0.0024629265535622835, 0.9955580830574036, 0.0019790171645581722, 0.927483081817627, 0.04192133620381355, 0.03059551678597927, 0.002725669415667653, 0.9953603148460388, 0.0019140061922371387, 0.0029218983836472034, 0.9955429434776306, 0.0015352278714999557, 0.0032430728897452354, 0.9943678975105286, 0.0023889578878879547, 0.002548510441556573, 0.9955371618270874, 0.0019143462413921952, 0.0026685853954404593, 0.995677649974823, 0.0016537292394787073, 0.10150813311338425, 0.10240422934293747, 0.7960876226425171, 0.03463483601808548, 0.9599502682685852, 0.00541486032307148, 0.6750808954238892, 0.017049511894583702, 0.3078695833683014, 0.004551324527710676, 0.993427038192749, 0.0020216116681694984, 0.002350258408114314, 0.9956077933311462, 0.002041939878836274, 0.00254602893255651, 0.9955396056175232, 0.0019143510144203901, 0.0050769685767591, 0.9904425740242004, 0.004480409435927868, 0.0019884579814970493, 0.9964074492454529, 0.0016040243208408356, 0.0025704558938741684, 0.9953233599662781, 0.002106156200170517, 0.0056970990262925625, 0.9923871755599976, 0.0019157578935846686, 0.38386809825897217, 0.029658598825335503, 0.586473286151886, 0.37179675698280334, 0.03436366468667984, 0.5938395261764526, 0.002636739518493414, 0.9953923225402832, 0.0019709733314812183, 0.04372264817357063, 0.9501326680183411, 0.006144675426185131, 0.0034260356333106756, 0.9945618510246277, 0.0020120965782552958, 0.005930359475314617, 0.9905387163162231, 0.0035308203659951687, 0.0038934003096073866, 0.9935407042503357, 0.0025658521335572004, 0.22363334894180298, 0.7583912014961243, 0.017975537106394768, 0.002203625626862049, 0.9956395626068115, 0.002156787319108844, 0.002463230863213539, 0.9956810474395752, 0.0018557162256911397, 0.002847825177013874, 0.9952569603919983, 0.001895208959467709, 0.003357846988365054, 0.9949636459350586, 0.0016785671468824148, 0.0019571378361433744, 0.9961569905281067, 0.0018858405528590083, 0.0034796479158103466, 0.9944646954536438, 0.0020555921364575624, 0.0035690777003765106, 0.9944502115249634, 0.0019806798081845045, 0.0022652398329228163, 0.995871365070343, 0.0018633354920893908, 0.004089138004928827, 0.9937624335289001, 0.002148520201444626, 0.002116176765412092, 0.9961600303649902, 0.0017238029977306724, 0.005514555145055056, 0.9920503497123718, 0.002435149624943733, 0.6955525279045105, 0.23561213910579681, 0.06883540004491806, 0.901101291179657, 0.010490736924111843, 0.08840799331665039, 0.1750207096338272, 0.8128518462181091, 0.012127441354095936, 0.002817697124555707, 0.9953629970550537, 0.0018192422576248646, 0.5568900108337402, 0.41546523571014404, 0.02764481119811535, 0.8948358297348022, 0.010780025273561478, 0.094384104013443, 0.920263946056366, 0.01923047937452793, 0.060505643486976624, 0.0025505973026156425, 0.9953799247741699, 0.0020695750135928392, 0.0025305040180683136, 0.9952837824821472, 0.0021856955718249083, 0.005185065791010857, 0.9929351210594177, 0.0018797412049025297, 0.0020309120882302523, 0.9960500597953796, 0.0019190771272405982, 0.23207908868789673, 0.04464046657085419, 0.7232804298400879, 0.6922809481620789, 0.01658579520881176, 0.29113322496414185, 0.002140966011211276, 0.9960876703262329, 0.0017714599380269647, 0.01579117588698864, 0.9803104996681213, 0.003898241790011525, 0.002874869154766202, 0.9949443936347961, 0.00218068715184927, 0.00476233521476388, 0.9928522706031799, 0.002385316649451852, 0.0023099309764802456, 0.9958770275115967, 0.0018130852840840816, 0.9263920783996582, 0.009974656626582146, 0.06363323330879211, 0.0024104933254420757, 0.9955236911773682, 0.002065835054963827, 0.0022520192433148623, 0.9958772659301758, 0.0018706393893808126, 0.053036030381917953, 0.936649739742279, 0.010314187034964561, 0.0027361735701560974, 0.9953006505966187, 0.001963108777999878, 0.003468618029728532, 0.9942208528518677, 0.0023105975706130266, 0.002528534969314933, 0.995481014251709, 0.001990492921322584, 0.002599133877083659, 0.9956745505332947, 0.0017263313056901097, 0.0025445607025176287, 0.9959375858306885, 0.001517943455837667, 0.003771859686821699, 0.9940494298934937, 0.002178725553676486, 0.0037672966718673706, 0.9938169121742249, 0.0024157788138836622, 0.9333444833755493, 0.02723749913275242, 0.03941803798079491, 0.3900842070579529, 0.5830180048942566, 0.026897845789790154, 0.0021036281250417233, 0.9960722923278809, 0.0018240977078676224, 0.004913496784865856, 0.9928500652313232, 0.0022364205215126276, 0.011570979841053486, 0.9842299818992615, 0.004198924638330936, 0.9546413421630859, 0.012194488197565079, 0.03316424787044525, 0.0030913501977920532, 0.995278000831604, 0.0016306187026202679, 0.05106677860021591, 0.9420431852340698, 0.006890077609568834, 0.0022350673098117113, 0.9961328506469727, 